columna,tipo,no nulos,% nulos,únicos,NS/NC,NO USA,ejemplo,N°,significado,tipo (diccionario),con dato (dicc.),distintos (dicc.),difiere del diccionario,decisión tomada
id,object,2801,0.04,2801,0,0,1,1,Identificador único del registro de la encuesta.,Texto/categórica,2801,2801,False,
pondera_dem,object,2802,0.0,2455,0,0,8608,2,Factor de ponderación demográfica utilizado para ponderar el registro.,Texto/categórica,2802,2455,False,
fecha,datetime64[us],2800,0.07,69,0,0,2017-05-23 00:00:00,3,Fecha en que se realizó la encuesta.,Texto/categórica,2802,70,True,
region,str,2800,0.07,7,0,0,CENTRO,4,Región geográfica de residencia del encuestado.,Categórica,2800,7,False,
sexo,str,2802,0.0,3,0,0,Varón,5,Sexo declarado por la persona entrevistada.,Categórica,2802,3,False,
edad,object,2802,0.0,82,0,0,19,6,Edad de la persona entrevistada.,Texto/categórica,2802,82,False,
p1,str,2802,0.0,15,121,0,"LA FORMA DE PENSAR, IDEOLOGI",7,Primera asociación que la persona hace con la palabra “cultura”.,Categórica,2802,15,False,
p1otros,str,73,97.39,68,0,0,PAISAJES,8,Respuesta abierta cuando la persona indica “Otro” en la pregunta 1.,Texto,2802,69,True,
p2,str,2802,0.0,2,0,0,SI,9,Indica si escuchó radio durante el último año.,Categórica,2802,2,False,
p2_1,str,881,68.56,15,9,0,PORQUE NO TIENE EQUIPOS DE R,10,Motivo principal por el que no acostumbra a escuchar radio.,Categórica,881,15,False,
p2_1otro,str,3,99.89,2,0,0,NO ESTA MAS EL PROGRAMA,11,Respuesta abierta cuando el motivo de la pregunta 2.1 es “Otro”.,Categórica,2802,3,True,
p2_2,str,877,68.7,3,0,0,NO,12,Indica si anteriormente acostumbraba a escuchar radio.,Categórica,877,3,False,
p3,object,1929,31.16,4,0,0,SI,13,Indica si escuchó radio por Internet durante el último año.,Categórica,1929,4,False,
p4,str,1929,31.16,8,10,0,ALGUNAS VECES AL MES,14,Frecuencia con la que escuchó radio durante el último año.,Categórica,1929,8,False,
p5,str,1929,31.16,6,14,0,FM,15,"Tipo de radio que escucha principalmente: AM, FM o ambas por igual.",Categórica,1929,6,False,
p6horas,float64,1929,31.16,17,0,0,1.0,16,Cantidad de horas por día que dedica a escuchar radio.,Numérica/categórica codificada,1929,17,False,
p6minutos,float64,1929,31.16,17,0,0,0.0,17,Cantidad de minutos por día que dedica a escuchar radio.,Numérica/categórica codificada,1929,17,False,
horas_radio,int64,2802,0.0,17,0,0,1,18,"Tiempo diario de escucha de radio expresado en horas, a partir de horas y minutos declarados.",Numérica/categórica codificada,2802,17,False,
minutos_radio,int64,2802,0.0,18,0,0,0,19,"Tiempo diario de escucha de radio expresado en minutos, a partir de horas y minutos declarados.",Numérica/categórica codificada,2802,18,False,
p7_1,object,1929,31.16,9,3,0,ALGUNAS VECES AL MES,20,Frecuencia con la que escucha radio mediante Equipo de radio AM o FM.,Categórica,1929,9,False,
p7_2,object,1929,31.16,9,5,0,NUNCA,21,Frecuencia con la que escucha radio mediante Estéreo del auto.,Categórica,1929,9,False,
p7_3,object,1929,31.16,8,8,0,NUNCA,22,Frecuencia con la que escucha radio mediante Computadora.,Categórica,1929,8,False,
p7_4,object,1929,31.16,9,3,0,ALGUNAS VECES AL MES,23,Frecuencia con la que escucha radio mediante Celular.,Categórica,1929,9,False,
p7_5,object,1929,31.16,9,6,0,NUNCA,24,Frecuencia con la que escucha radio mediante Tablet.,Categórica,1929,9,False,
p8a,object,1929,31.16,12,11,0,MUSICALES,25,Frecuencia con la que escucha programas de radio de tipo Informativos / noticieros.,Categórica,1929,12,False,
p8b,object,1088,61.17,11,0,0,ACTUALIDAD / MAGAZINE,26,Frecuencia con la que escucha programas de radio de tipo Musicales.,Categórica,1088,11,False,
p8c,object,351,87.47,10,0,0,CULTURALES,27,Frecuencia con la que escucha programas de radio de tipo Deportivos.,Categórica,351,10,False,
p8d,object,91,96.75,9,0,0,CULTURALES,28,Frecuencia con la que escucha programas de radio de tipo Culturales.,Categórica,91,9,False,
p8e,object,29,98.97,5,0,0,ACTUALIDAD / MAGAZINE,29,Frecuencia con la que escucha programas de radio de tipo Chimentos.,Categórica,29,5,False,
p8f,object,9,99.68,4,0,0,ACTUALIDAD / MAGAZINE,30,Frecuencia con la que escucha programas de radio de tipo Actualidad / magazine.,Categórica,9,4,False,
p8g,object,6,99.79,3,0,0,PROGRAMAS RELIGIOSOS,31,Frecuencia con la que escucha programas de radio de tipo Programas religiosos.,Categórica,6,3,False,
p8otros,object,6,99.79,6,0,0,CAMPO,32,"Otro tipo de programa de radio que escucha, indicado mediante respuesta abierta.",Texto,2802,7,True,
p9,object,2802,0.0,8,48,0,1,33,"Cantidad de equipos de radio AM o FM que posee el hogar, sin contar celulares, PC, MP3 ni tablets.",Categórica,2802,8,False,
p10,object,2802,0.0,4,0,0,SI,34,Indica si escuchó música durante el último año.,Categórica,2802,4,False,
p10_1,object,221,92.11,15,1,0,PORQUE NO LE INTERESA,35,Motivo principal por el que no acostumbra a escuchar música.,Categórica,221,15,False,
p10_1otr,object,4,99.86,4,0,0,0,36,Respuesta abierta cuando el motivo de la pregunta 10.1 es “Otro”.,Categórica,2802,5,True,
p10_2,str,221,92.11,4,0,0,SI,37,Indica si anteriormente acostumbraba a escuchar música.,Categórica,221,4,False,
p11,object,2583,7.82,8,4,0,ALGUNOS DIAS POR SEMANA,38,Frecuencia con la que escuchó música durante el último año.,Categórica,2583,8,False,
p12horas,float64,2583,7.82,21,0,0,1.0,39,Cantidad de horas por día que dedica a escuchar música.,Numérica,2583,21,False,
p12minutos,float64,2583,7.82,18,0,0,30.0,40,Cantidad de minutos por día que dedica a escuchar música.,Numérica/categórica codificada,2583,18,False,
horas_musica,object,2802,0.0,21,0,0,1,41,Tiempo diario de escucha de música expresado en horas.,Categórica,2802,21,False,
minutos_musica,object,2802,0.0,19,0,0,30,42,Tiempo diario de escucha de música expresado en minutos.,Categórica,2802,19,False,
p13_1,object,2583,7.82,8,5,0,NUNCA,43,Frecuencia con la que escucha música mediante Reproductor de CDs.,Categórica,2583,8,False,
p13_2,object,2583,7.82,8,3,0,ALGUNAS VECES AL MES,44,Frecuencia con la que escucha música mediante Estéreo del auto.,Categórica,2583,8,False,
p13_3,str,2583,7.82,8,8,0,ALGUNAS VECES AL MES,45,Frecuencia con la que escucha música mediante Computadora.,Categórica,2583,8,False,
p13_4,str,2583,7.82,8,2,0,ALGUNOS DIAS POR SEMANA,46,Frecuencia con la que escucha música mediante Celular.,Categórica,2583,8,False,
p13_5,str,2583,7.82,8,6,0,NUNCA,47,Frecuencia con la que escucha música mediante Tablet.,Categórica,2583,8,False,
p13_6,str,2583,7.82,8,8,0,NUNCA,48,Frecuencia con la que escucha música mediante iPod o MP3/4.,Categórica,2583,8,False,
p13_7,str,2581,7.89,7,3,0,NUNCA,49,Frecuencia con la que escucha música mediante Reproductor de casetes.,Categórica,2581,7,False,
p13_8,str,2581,7.89,7,6,0,NUNCA,50,Frecuencia con la que escucha música mediante Tocadisco.,Categórica,2581,7,False,
p13_9,str,2581,7.89,7,5,0,ALGUNOS DIAS POR SEMANA,51,Frecuencia con la que escucha música mediante Televisión.,Categórica,2581,7,False,
p14_1,str,2581,7.89,5,5,0,NUNCA,52,Frecuencia con la que escucha Folclore argentino.,Categórica,2581,5,False,
p14_2,str,2581,7.89,5,8,0,NUNCA,53,Frecuencia con la que escucha Rock extranjero.,Categórica,2581,5,False,
p14_3,str,2581,7.89,5,6,0,HABITUALMENTE,54,Frecuencia con la que escucha Rock nacional.,Categórica,2581,5,False,
p14_4,str,2581,7.89,5,5,0,NUNCA,55,Frecuencia con la que escucha Música clásica.,Categórica,2581,5,False,
p14_5,str,2581,7.89,5,10,0,NUNCA,56,Frecuencia con la que escucha Jazz.,Categórica,2581,5,False,
p14_6,str,2581,7.89,5,4,0,DE VEZ EN CUANDO,57,Frecuencia con la que escucha Cumbia.,Categórica,2581,5,False,
p14_7,str,2581,7.89,5,3,0,DE VEZ EN CUANDO,58,Frecuencia con la que escucha Reggaetón.,Categórica,2581,5,False,
p14_8,str,2581,7.89,5,13,0,NUNCA,59,Frecuencia con la que escucha Salsa y otros ritmos caribeños.,Categórica,2581,5,False,
p14_9,str,2581,7.89,5,8,0,NUNCA,60,Frecuencia con la que escucha Música romántica/melódica.,Categórica,2581,5,False,
p14_10,str,2581,7.89,5,10,0,NUNCA,61,Frecuencia con la que escucha Música pop.,Categórica,2581,5,False,
p14_11,str,2581,7.89,5,11,0,DE VEZ EN CUANDO,62,Frecuencia con la que escucha Reggae.,Categórica,2581,5,False,
p14_12,str,2581,7.89,5,9,0,DE VEZ EN CUANDO,63,Frecuencia con la que escucha Música electrónica.,Categórica,2581,5,False,
p14_13,str,2581,7.89,5,7,0,NUNCA,64,Frecuencia con la que escucha Tango.,Categórica,2581,5,False,
p14_14,str,2581,7.89,5,20,0,NUNCA,65,Frecuencia con la que escucha Música latinoamericana.,Categórica,2581,5,False,
p15,str,2581,7.89,12,110,0,6 canciones,66,"Cantidad aproximada, de cada diez canciones que escucha, que son interpretadas por artistas nacionales.",Categórica,2581,12,False,
p16,str,2581,7.89,2,0,0,SI,67,"Indica si durante el último año usó Internet para escuchar música, en línea o descargando canciones.",Categórica,2581,2,False,
p17_1,str,1595,43.08,7,7,0,ALGUNOS DIAS POR SEMANA,68,Frecuencia con la que escuchó música en línea sin descargar canciones.,Categórica,1595,7,False,
p17_2,str,1595,43.08,7,7,0,ALGUNA VEZ AL AÑO O MENOS,69,"Frecuencia con la que descargó música de Internet a computadora, celular o tablet.",Categórica,1595,7,False,
p18a,str,1595,43.08,20,35,0,YOUTUBE,70,"1ª plataforma, sitio o programa seleccionado para bajar o escuchar música on-line durante el último año.",Categórica,1595,20,False,
p18b,str,672,76.02,23,0,0,YOUTUBE,71,"2ª plataforma, sitio o programa seleccionado para bajar o escuchar música on-line durante el último año.",Categórica,672,23,False,
p18c,str,217,92.26,18,0,0,SOUNDCLOUD,72,"3ª plataforma, sitio o programa seleccionado para bajar o escuchar música on-line durante el último año.",Categórica,217,18,False,
p18d,str,71,97.47,19,0,0,OTROS,73,"4ª plataforma, sitio o programa seleccionado para bajar o escuchar música on-line durante el último año.",Categórica,71,19,False,
p18e,str,20,99.29,9,0,0,CIENRADIOS,74,"5ª plataforma, sitio o programa seleccionado para bajar o escuchar música on-line durante el último año.",Categórica,20,9,False,
p18f,str,7,99.75,4,0,0,PERSONAL PLAY MÚSICA,75,"6ª plataforma, sitio o programa seleccionado para bajar o escuchar música on-line durante el último año.",Categórica,7,4,False,
p18g,str,2,99.93,2,0,0,TARINGA,76,"7ª plataforma, sitio o programa seleccionado para bajar o escuchar música on-line durante el último año.",Categórica,2,2,False,
p18otros,str,25,99.11,24,0,0,LAST FM,77,"Otro sitio, programa o aplicación utilizado para bajar o escuchar música on-line, indicado mediante respuesta abierta.",Texto,2800,25,True,
p19,object,1595,43.08,51,117,0,0,78,"Dinero gastado aproximadamente durante los últimos tres meses en abonos, descargas o suscripciones para escuchar música.",Texto/categórica,1595,51,False,
p20,object,2800,0.07,26,133,0,0,79,Cantidad aproximada de CDs de música comprados durante el último año.,Categórica,2800,26,False,
p21,object,2800,0.07,59,133,0,0,80,Dinero gastado durante los últimos tres meses en CDs de música.,Texto/categórica,2800,59,False,
p22,object,2800,0.07,10,59,0,0,81,"Cantidad de reproductores portátiles tipo MP3-4, iPod o similares que posee la persona, sin contar celular, tablets ni notebooks/netbooks.",Categórica,2800,10,False,
p23,str,2800,0.07,2,0,0,NO,82,Indica si concurrió a recitales o presentaciones de música en vivo durante el último año.,Categórica,2800,2,False,
p23_1,str,2082,25.7,18,23,0,PORQUE LAS ENTRADAS ESTAN CA,83,Motivo principal por el que no concurre a recitales.,Categórica,2082,18,False,
p23_1otr,str,7,99.75,7,0,0,NO SALGO DE MI CASA,84,Respuesta abierta cuando el motivo de la pregunta 23.1 es “Otro”.,Categórica,2800,8,True,
p23_2,str,2082,25.7,2,0,0,SI,85,Indica si anteriormente acostumbraba a ir a recitales.,Categórica,2082,2,False,
p24,str,718,74.38,5,7,0,TODAS O CASI TODAS LAS SEMAN,86,Frecuencia con la que concurrió a recitales o presentaciones de música en vivo durante el último año.,Categórica,718,5,False,
p25,object,718,74.38,22,12,0,13,87,Cantidad aproximada de recitales o presentaciones de música en vivo a los que concurrió durante el último año.,Categórica,718,22,False,
p25_bis,object,2800,0.07,23,12,0,0,88,Versión recodificada de p25; en los casos sin respuesta aplicable se registra 0.,Categórica,2800,23,False,
p25_1,object,718,74.38,22,14,0,13,89,Cantidad de los recitales o presentaciones del último año que fueron de artistas nacionales.,Categórica,718,22,False,
p25_1_bis,object,2800,0.07,22,14,0,0,90,Versión recodificada de p25_1; en los casos sin respuesta aplicable se registra 0.,Categórica,2800,22,False,
p26,object,718,74.38,62,76,0,500,91,Dinero gastado aproximadamente en entradas a recitales durante el último año.,Texto/categórica,718,62,False,
p26_bis,object,2800,0.07,62,76,0,0,92,Versión recodificada de p26; en los casos sin respuesta aplicable se registra 0.,Texto/categórica,2800,62,False,
p27,str,2800,0.07,2,0,0,NO,93,Indica si en el hogar hay algún instrumento musical.,Categórica,2800,2,False,
p27_1,object,2800,0.07,17,16,0,0,94,Cantidad de instrumentos musicales que hay en el hogar.,Categórica,2800,17,False,
p28,str,2800,0.07,2,0,0,NO,95,"Indica si toca algún instrumento, canta o realiza música de algún modo.",Categórica,2800,2,False,
p29,str,2800,0.07,2,0,0,SI,96,"Indica si durante el último año leyó, en papel o por Internet, algún diario que se publique todos o casi todos los días.",Categórica,2800,2,False,
p29_1,str,1200,57.17,13,13,0,PORQUE NO LE GUSTA LEER DIAR,97,Motivo principal por el que no acostumbra a leer diarios.,Categórica,1200,13,False,
p29_1otr,str,3,99.89,3,0,0,EDAD,98,Respuesta abierta cuando el motivo de la pregunta 29.1 es “Otro”.,Categórica,2800,4,True,
p29_2,str,1183,57.78,2,0,0,NO,99,Indica si anteriormente acostumbraba a leer el diario.,Categórica,1183,2,False,
p30,object,1604,42.76,14,12,0,3,100,"Cantidad habitual de diarios que lee o consulta, en papel o por Internet.",Categórica,1604,14,False,
p30_bis,object,2800,0.07,14,12,0,3,101,Versión recodificada de p30; en los casos sin respuesta aplicable se registra 0.,Categórica,2800,14,False,
p31horas,float64,1601,42.86,10,0,0,1.0,102,Cantidad de horas por día que dedica a leer el diario.,Numérica/categórica codificada,1601,10,False,
p31minutos,float64,1601,42.86,15,0,0,0.0,103,Cantidad de minutos por día que dedica a leer el diario.,Numérica/categórica codificada,1601,15,False,
horas_diario,float64,2800,0.07,10,0,0,1.0,104,Tiempo diario de lectura del diario expresado en horas.,Numérica/categórica codificada,2800,10,False,
minutos_diario,float64,2800,0.07,15,0,0,0.0,105,Tiempo diario de lectura del diario expresado en minutos.,Numérica/categórica codificada,2800,15,False,
p32,str,1601,42.86,7,10,0,ALGUNAS VECES AL MES,106,Frecuencia con la que leyó el diario en papel durante el último año.,Categórica,1601,7,False,
p33,object,1344,52.03,13,15,0,0,107,Cantidad aproximada de diarios en papel comprados durante la última semana.,Categórica,1344,13,False,
p33_bis,object,2800,0.07,13,15,0,0,108,Versión recodificada de p33; en los casos sin respuesta aplicable se registra 0.,Categórica,2800,13,False,
p33_1,object,1344,52.03,82,70,0,0,109,Dinero gastado aproximadamente durante la última semana en diarios en papel.,Texto/categórica,1344,82,False,
p33_1_bis,object,2800,0.07,82,70,0,0,110,Versión recodificada de p33_1; en los casos sin respuesta aplicable se registra 0.,Texto/categórica,2800,82,False,
p34,str,1600,42.9,7,8,0,TODOS O CASI TODOS LOS DIAS,111,Frecuencia con la que leyó el diario por Internet durante el último año.,Categórica,1600,7,False,
p34_1,str,952,66.02,4,24,0,CELULAR,112,Dispositivo utilizado con mayor frecuencia para leer el diario por Internet.,Categórica,952,4,False,
p35_1,str,1600,42.9,6,24,0,MENOS DE UNA VEZ POR MES,113,Frecuencia con la que comprar el diario durante el último año.,Categórica,1600,6,False,
p35_2,str,1600,42.9,6,22,0,NUNCA,114,Frecuencia con la que leer el diario en papel en bares o cafés durante el último año.,Categórica,1600,6,False,
p35_3,str,1600,42.9,6,22,0,TODOS O CASI TODOS LOS DIAS,115,Frecuencia con la que leer noticias y artículos de distintos medios en las redes sociales durante el último año.,Categórica,1600,6,False,
p36,str,1600,42.9,4,25,0,AMBAS POR IGUAL,116,"Forma principal de informarse: diarios preferidos en papel/Internet, noticias de distintos medios en redes sociales, o ambas por igual.",Categórica,1600,4,False,
p37,str,2783,0.68,2,0,0,NO,117,"Indica si leyó revistas, en papel o formato electrónico, durante el último año.",Categórica,2783,2,False,
p37_1,str,2046,26.98,2,0,0,NO,118,Indica si anteriormente acostumbraba a leer revistas.,Categórica,2046,2,False,
p38,str,737,73.7,7,8,0,ALGUNOS DIAS POR SEMANA,119,Frecuencia con la que leyó revistas en papel durante el último año.,Categórica,737,7,False,
p39,object,708,74.73,17,20,0,0,120,Cantidad aproximada de revistas en papel compradas durante los últimos tres meses.,Categórica,708,17,False,
p39_bis,object,2800,0.07,17,20,0,0,121,Versión recodificada de p39; en los casos sin respuesta aplicable se registra 0.,Categórica,2800,17,False,
p39_1,object,708,74.73,10,31,0,0,122,Cantidad aproximada de revistas compradas que son importadas.,Categórica,708,10,False,
p39_1_bis,object,2800,0.07,10,31,0,0,123,Versión recodificada de p39_1; en los casos sin respuesta aplicable se registra 0.,Categórica,2800,10,False,
p40,object,708,74.73,54,66,0,0,124,Dinero gastado durante los últimos tres meses en la compra de revistas.,Texto/categórica,708,54,False,
p40_bis,object,2800,0.07,54,66,0,0,125,Versión recodificada de p40; en los casos sin respuesta aplicable se registra 0.,Texto/categórica,2800,54,False,
p41,str,737,73.7,7,13,0,TODOS O CASI TODOS LOS DIAS,126,Frecuencia con la que leyó revistas en una pantalla durante el último año.,Categórica,737,7,False,
p42,str,2783,0.68,2,0,0,SI,127,"Indica si leyó al menos un libro, en papel o formato electrónico, durante el último año.",Categórica,2783,2,False,
p42_1,str,1424,49.18,12,21,0,PORQUE NO TIENE TIEMPO,128,Motivo principal por el que no acostumbra a leer libros.,Categórica,1424,12,False,
p42_1otr,str,10,99.64,10,0,0,XQ NO LOS PUEDO DESCARGAR,129,Respuesta abierta cuando el motivo de la pregunta 42.1 es “Otro”.,Categórica,2800,11,True,
p42_2,str,1424,49.18,2,0,0,NO,130,Indica si anteriormente acostumbraba a leer libros.,Categórica,1424,2,False,
p43,object,1359,51.5,27,26,0,1,131,Cantidad aproximada de libros leídos durante el último año.,Categórica,1359,27,False,
p43_bis,object,2800,0.07,28,26,0,1,132,Versión recodificada de p43; en los casos sin respuesta aplicable se registra 0.,Categórica,2800,28,False,
p43_1,object,1359,51.5,19,94,0,0,133,Cantidad aproximada de los libros leídos durante el último año que fueron de autores argentinos.,Categórica,1359,19,False,
p43_1_bis,object,2800,0.07,19,94,0,0,134,Versión recodificada de p43_1; en los casos sin respuesta aplicable se registra 0.,Categórica,2800,19,False,
p44,str,1359,51.5,23,11,0,SE LO HABIA RECOMENDADO UN P,135,Razón principal por la que eligió el último libro que leyó.,Categórica,1359,23,False,
p44otros,str,3,99.89,3,0,0,PLAY LIBROS,136,Respuesta abierta cuando en la pregunta 44 se selecciona “Otro”.,Texto,2800,4,True,
p45,object,1359,51.5,24,27,0,1,137,Cantidad aproximada de libros comprados durante el último año.,Categórica,1359,24,False,
p45_bis,object,2800,0.07,24,27,0,1,138,Versión recodificada de p45; en los casos sin respuesta aplicable se registra 0.,Categórica,2800,24,False,
p45_1,object,1359,51.5,81,142,0,600,139,Dinero gastado aproximadamente en la compra de esos libros durante el último año.,Texto/categórica,1359,81,False,
p45_1_bis,object,2800,0.07,81,142,0,600,140,Versión recodificada de p45_1; en los casos sin respuesta aplicable se registra 0.,Texto/categórica,2800,81,False,
p46,str,1359,51.5,7,11,0,ALGUNAS VECES AL MES,141,Frecuencia con la que leyó libros en papel durante el último año.,Categórica,1359,7,False,
p47,str,1359,51.5,7,2,0,"NO LEYO LIBROS EN PANTALLA, ",142,Frecuencia con la que leyó libros en una pantalla durante el último año.,Categórica,1359,7,False,
p47_1a,str,320,88.58,5,1,0,COMPUTADORA,143,1ª respuesta seleccionada sobre el dispositivo o soporte utilizado para leer libros en pantalla.,Categórica,320,5,False,
p47_1b,str,47,98.32,3,0,0,COMPUTADORA,144,2ª respuesta seleccionada sobre el dispositivo o soporte utilizado para leer libros en pantalla.,Categórica,47,3,False,
p47_1c,str,10,99.64,2,0,0,CELULAR,145,3ª respuesta seleccionada sobre el dispositivo o soporte utilizado para leer libros en pantalla.,Categórica,10,2,False,
p47_1d,str,1,99.96,1,0,0,COMPUTADORA,146,4ª respuesta seleccionada sobre el dispositivo o soporte utilizado para leer libros en pantalla.,Categórica,1,1,False,"PROPUESTA (confirmar): descartar, un solo valor"
p47_2,str,320,88.58,2,0,0,NO,147,Indica si realizó algún pago por sus lecturas electrónicas de libros durante el último año.,Categórica,320,2,False,
p48_1,str,1359,51.5,5,3,0,CASI NUNCA,148,Frecuencia con la que lee cuentos.,Categórica,1359,5,False,
p48_2,str,1359,51.5,5,2,0,NUNCA,149,Frecuencia con la que lee novelas.,Categórica,1359,5,False,
p48_3,str,1359,51.5,5,4,0,NUNCA,150,Frecuencia con la que lee poesía.,Categórica,1359,5,False,
p48_4,str,1359,51.5,5,9,0,NUNCA,151,Frecuencia con la que lee ensayos.,Categórica,1359,5,False,
p48_5,str,1359,51.5,5,1,0,HABITUALMENTE,152,"Frecuencia con la que lee textos escolares, manuales.",Categórica,1359,5,False,
p48_6,str,1359,51.5,5,3,0,NUNCA,153,Frecuencia con la que lee biografías.,Categórica,1359,5,False,
p48_7,str,1359,51.5,5,5,0,NUNCA,154,Frecuencia con la que lee teatro.,Categórica,1359,5,False,
p48_8,str,1359,51.5,5,7,0,NUNCA,155,Frecuencia con la que lee científicos o técnicos.,Categórica,1359,5,False,
p48_9,str,1359,51.5,5,9,0,NUNCA,156,"Frecuencia con la que lee historietas, comics.",Categórica,1359,5,False,
p48_10,str,1359,51.5,5,5,0,NUNCA,157,Frecuencia con la que lee humor.,Categórica,1359,5,False,
p48_11,str,1359,51.5,5,7,0,NUNCA,158,Frecuencia con la que lee autoayuda.,Categórica,1359,5,False,
p48_12,str,1359,51.5,5,4,0,DE VEZ EN CUANDO,159,Frecuencia con la que lee historia.,Categórica,1359,5,False,
p48_13,str,1359,51.5,5,5,0,HABITUALMENTE,160,Frecuencia con la que lee política.,Categórica,1359,5,False,
p48_14,str,1359,51.5,5,3,0,NUNCA,161,Frecuencia con la que lee salud y vida sana.,Categórica,1359,5,False,
p48_15,str,1359,51.5,5,7,0,NUNCA,162,Frecuencia con la que lee divulgación científica.,Categórica,1359,5,False,
p48_16,str,1359,51.5,5,5,0,NUNCA,163,"Decimosexto registro de frecuencia de lectura de géneros literarios; el cuestionario proporcionado enumera 15 géneros, por lo que no identifica una categoría específica para este campo.",Categórica,1359,5,False,
p49,str,2800,0.07,2,0,0,SI,164,Indica si miró televisión durante el último año.,Categórica,2800,2,False,
p49_1,str,145,94.83,9,0,0,PORQUE NO LE GUSTA LA TELEVI,165,Motivo principal por el que no acostumbra a mirar televisión.,Categórica,145,9,False,
p49_2,str,145,94.83,2,0,0,SI,166,Indica si anteriormente acostumbraba a mirar televisión.,Categórica,145,2,False,
p50horas,float64,2655,5.25,18,0,0,1.0,167,Cantidad de horas por día que dedica a mirar contenidos televisivos.,Numérica/categórica codificada,2655,18,False,
p50minutos,float64,2655,5.25,10,0,0,0.0,168,Cantidad de minutos por día que dedica a mirar contenidos televisivos.,Numérica/categórica codificada,2655,10,False,
horas_TV,float64,2800,0.07,18,0,0,1.0,169,Tiempo diario de consumo televisivo expresado en horas.,Numérica/categórica codificada,2800,18,False,
minutos_TV,float64,2800,0.07,10,0,0,0.0,170,Tiempo diario de consumo televisivo expresado en minutos.,Numérica/categórica codificada,2800,10,False,
p51a,str,2655,5.25,5,9,0,TELEVISION POR CABLE,171,Primera señal o tipo de televisión seleccionado para el hogar en la pregunta 51.,Categórica,2655,5,False,
p51b,str,177,93.68,4,0,0,TELEVISION POR CABLE,172,Segunda señal o tipo de televisión seleccionado para el hogar en la pregunta 51.,Categórica,177,4,False,
p52,str,2422,13.56,7,36,0,NO MIRA,173,Frecuencia con la que mira canales de aire de TV.,Categórica,2422,7,False,
p53,str,2422,13.56,7,22,0,UNA HORA O MENOS AL DIA,174,"Frecuencia con la que mira canales de cable, TDA y/o señales satelitales.",Categórica,2422,7,False,
p54_1,str,2655,5.25,7,3,0,NUNCA,175,Frecuencia con la que miró televisión en una computadora.,Categórica,2655,7,False,
p54_2,str,2655,5.25,7,4,0,NUNCA,176,Frecuencia con la que miró televisión en una celular.,Categórica,2655,7,False,
p54_3,str,2655,5.25,7,7,0,NUNCA,177,Frecuencia con la que miró televisión en una tablet.,Categórica,2655,7,False,
p54_4,str,2655,5.25,7,10,0,TODOS O CASI TODOS LOS DIAS,178,Frecuencia con la que miró televisión en una televisor.,Categórica,2655,7,False,
p55_1,str,2655,5.25,5,17,0,NUNCA,179,Frecuencia con la que publica o escribe en redes sociales comentarios relacionados con lo que está mirando.,Categórica,2655,5,False,
p55_2,str,2655,5.25,5,8,0,NUNCA,180,Frecuencia con la que mira sus programas de televisión a la hora en que son emitidos por los canales.,Categórica,2655,5,False,
p55_3,str,2655,5.25,5,17,0,NUNCA,181,Frecuencia con la que mira sus programas de televisión cuando puede o quiere a través de youtube u otras páginas o aplicaciones de internet.,Categórica,2655,5,False,
p56,object,2800,0.07,8,0,0,2,182,Cantidad de televisores que posee el hogar.,Categórica,2800,8,False,
p56_1,object,2764,1.36,9,40,0,1,183,Cantidad de esos televisores que son Smart TV.,Categórica,2764,9,False,
p56_1_bis,object,2800,0.07,9,40,0,1,184,Versión recodificada de p56_1 para completar los casos sin respuesta aplicable.,Categórica,2800,9,False,
p57,str,2800,0.07,2,0,0,SI,185,"Indica si miró películas, series, documentales, videos u otros audiovisuales en TV u otro dispositivo durante el último año, excepto cine.",Categórica,2800,2,False,
p57_1,str,450,83.94,10,2,0,PORQUE NO LE INTERESA,186,"Motivo principal por el que no mira películas, series u otro material audiovisual.",Categórica,450,10,False,
p57_1otr,float64,0,100.0,0,0,0,None,187,Respuesta abierta cuando el motivo de la pregunta 57.1 es “Otro”.,Categórica,2800,1,True,"PROPUESTA (confirmar): descartar, sin datos"
p57_2,str,450,83.94,2,0,0,NO,188,"Indica si anteriormente acostumbraba a ver películas, series u otro material audiovisual.",Categórica,450,2,False,
p58_1,str,2350,16.13,7,1,0,NUNCA,189,Frecuencia con la que mira dibujos animados/animación.,Categórica,2350,7,False,
p58_2,str,2350,16.13,7,5,0,ALGUNAS VECES AL MES,190,Frecuencia con la que mira videos musicales.,Categórica,2350,7,False,
p58_3,str,2350,16.13,7,5,0,ALGUNAS VECES AL MES,191,Frecuencia con la que mira documentales o programas culturales.,Categórica,2350,7,False,
p58_4,str,2350,16.13,7,12,0,NUNCA,192,Frecuencia con la que mira programas humorísticos.,Categórica,2350,7,False,
p58_5,str,2350,16.13,7,14,0,NUNCA,193,Frecuencia con la que mira comedias.,Categórica,2350,7,False,
p58_6,str,2350,16.13,6,0,0,ALGUNOS DIAS POR SEMANA,194,Frecuencia con la que mira películas.,Categórica,2350,6,False,
p58_7,str,2350,16.13,7,2,0,TODOS O CASI TODOS LOS DIAS,195,Frecuencia con la que mira series o novelas de ficción.,Categórica,2350,7,False,
p59_1,str,2350,16.13,7,27,0,ALGUNA VEZ AL AÑO,196,Frecuencia con la que mira contenidos audiovisuales mediante canales de aire de tv.,Categórica,2350,7,False,
p59_2,str,2350,16.13,7,7,0,ALGUNA VEZ AL AÑO,197,Frecuencia con la que mira contenidos audiovisuales mediante canales de cable o satelitales.,Categórica,2350,7,False,
p59_3,str,2350,16.13,7,15,0,TODOS O CASI TODOS LOS DIAS,198,Frecuencia con la que mira contenidos audiovisuales mediante netflix u otras plataformas o aplicaciones.,Categórica,2350,7,False,
p59_4,str,2350,16.13,7,14,0,NUNCA,199,Frecuencia con la que mira contenidos audiovisuales mediante por dvd o vhs.,Categórica,2350,7,False,
p59_5,str,2350,16.13,7,9,0,ALGUNA VEZ AL AÑO,200,Frecuencia con la que mira contenidos audiovisuales mediante sitios de internet gratuitos como youtube.,Categórica,2350,7,False,
p59_6,str,2350,16.13,7,16,0,NUNCA,201,"Frecuencia con la que mira contenidos audiovisuales mediante películas descargadas desde internet a pc, tablet o celular.",Categórica,2350,7,False,
p60,object,2800,0.07,85,276,0,150,202,"Dinero gastado durante los últimos tres meses en mirar películas y series mediante Netflix, canales premium, on-demand, pay-per-view, descargas pagas u otras plataformas/aplicaciones.",Texto/categórica,2800,85,False,
p61,object,2800,0.07,22,181,0,0,203,Cantidad aproximada de películas u otros contenidos audiovisuales en DVD/Blu-ray comprados o alquilados durante los últimos tres meses.,Categórica,2800,22,False,
p62,object,2800,0.07,37,194,0,0,204,Dinero gastado en comprar y alquilar películas en DVD/Blu-ray durante los últimos tres meses.,Texto/categórica,2800,37,False,
p63,str,2800,0.07,2,0,0,SI,205,Indica si concurrió al cine durante el último año.,Categórica,2800,2,False,
p63_1,str,1692,39.61,18,33,0,PORQUE IR AL CINE ES MUY CAR,206,Motivo principal por el que no acostumbra a ir al cine.,Categórica,1692,18,False,
p63_1otr,str,3,99.89,3,0,0,NO TIENE OPORTUNIDAD,207,Respuesta abierta cuando el motivo de la pregunta 63.1 es “Otro”.,Categórica,2800,4,True,
p63_2,str,1692,39.61,2,0,0,NO,208,Indica si anteriormente acostumbraba a ir al cine.,Categórica,1692,2,False,
p64,str,1108,60.46,5,7,0,ALGUNA VEZ AL AÑO O MENOS,209,Frecuencia con la que concurrió al cine durante el último año.,Categórica,1108,5,False,
p65,object,1108,60.46,25,11,0,1,210,Cantidad aproximada de veces que concurrió al cine durante el último año.,Categórica,1108,25,False,
p65_bis,object,2800,0.07,26,11,0,1,211,Versión recodificada de p65; en los casos sin respuesta aplicable se registra 0.,Categórica,2800,26,False,
p65_1,object,1108,60.46,16,35,0,0,212,Cantidad de veces que concurrió al cine durante el año para ver películas argentinas.,Categórica,1108,16,False,
p65_1_bis,object,2800,0.07,16,35,0,0,213,Versión recodificada de p65_1; en los casos sin respuesta aplicable se registra 0.,Categórica,2800,16,False,
p66,str,1108,60.46,18,6,0,NO TENIA DECIDIDO IR A VERLA,214,Razón principal por la que decidió mirar la última película que vio.,Categórica,1108,18,False,
p66otros,str,3,99.89,3,0,0,FUE OBLIGACION,215,Respuesta abierta cuando en la pregunta 66 se selecciona “Otros”.,Texto,2800,4,True,
p67_1,str,1108,60.46,5,3,0,DE VEZ EN CUANDO,216,Frecuencia con la que mira películas de género acción.,Categórica,1108,5,False,
p67_2,str,1108,60.46,5,3,0,NUNCA,217,Frecuencia con la que mira películas de género aventura.,Categórica,1108,5,False,
p67_3,str,1108,60.46,5,1,0,NUNCA,218,Frecuencia con la que mira películas de género ciencia ficción.,Categórica,1108,5,False,
p67_4,str,1108,60.46,5,2,0,DE VEZ EN CUANDO,219,Frecuencia con la que mira películas de género suspenso.,Categórica,1108,5,False,
p67_5,str,1108,60.46,5,1,0,NUNCA,220,Frecuencia con la que mira películas de género terror.,Categórica,1108,5,False,
p67_6,str,1108,60.46,4,0,0,HABITUALMENTE,221,Frecuencia con la que mira películas de género drama.,Categórica,1108,4,False,
p67_7,str,1108,60.46,5,2,0,NUNCA,222,Frecuencia con la que mira películas de género comedia.,Categórica,1108,5,False,
p67_8,str,1108,60.46,5,1,0,NUNCA,223,Frecuencia con la que mira películas de género romántico.,Categórica,1108,5,False,
p67_9,str,1108,60.46,4,0,0,NUNCA,224,Frecuencia con la que mira películas de género documental.,Categórica,1108,4,False,
p67_10,str,1108,60.46,5,2,0,NUNCA,225,Frecuencia con la que mira películas de género infantiles.,Categórica,1108,5,False,
p67_11,str,1108,60.46,5,1,0,NUNCA,226,Frecuencia con la que mira películas de género animación.,Categórica,1108,5,False,
p68,str,2800,0.07,2,0,0,NO,227,Indica si concurrió a espectáculos teatrales durante el último año.,Categórica,2800,2,False,
p69,str,342,87.79,5,2,0,ALGUNA VEZ CADA 3 MESES,228,Frecuencia con la que concurrió al teatro durante el último año.,Categórica,342,5,False,
p70,object,342,87.79,14,6,0,2,229,Cantidad aproximada de veces que fue al teatro durante el último año.,Categórica,342,14,False,
p70_bis,object,2800,0.07,15,6,0,0,230,Versión recodificada de p70; en los casos sin respuesta aplicable se registra 0.,Categórica,2800,15,False,
p70_1,object,342,87.79,16,9,0,2,231,Cantidad de obras interpretadas por artistas argentinos entre las obras vistas en el teatro durante el año.,Categórica,342,16,False,
p70_1_bis,object,2800,0.07,16,9,0,0,232,Versión recodificada de p70_1; en los casos sin respuesta aplicable se registra 0.,Categórica,2800,16,False,
p71,object,342,87.79,44,43,0,500,233,Dinero gastado aproximadamente en ir al teatro durante el último año.,Texto/categórica,342,44,False,
p71_bis,object,2800,0.07,44,43,0,0,234,Versión recodificada de p71; en los casos sin respuesta aplicable se registra 0.,Texto/categórica,2800,44,False,
p72,str,2800,0.07,2,0,0,SI,235,Indica si acostumbra a usar Internet.,Categórica,2800,2,False,
p72_1,str,627,77.62,12,3,0,PORQUE NO LE GUSTA,236,Motivo principal por el que no acostumbra a usar Internet.,Categórica,627,12,False,
p72_1otr,str,4,99.86,4,0,0,PORQ NO ES BUENO,237,Respuesta abierta cuando el motivo de la pregunta 72.1 es “Otro”.,Categórica,2800,5,True,
p72_2,str,627,77.62,2,0,0,NO,238,Indica si anteriormente acostumbraba a usar Internet.,Categórica,627,2,False,
p73,str,627,77.62,2,0,0,NO,239,"Indica si acostumbra a usar aplicaciones como WhatsApp, redes sociales o Netflix en algún dispositivo.",Categórica,627,2,False,
p74,str,2306,17.7,2,0,0,SI,240,Indica si tiene conexión a Internet en su hogar.,Categórica,2306,2,False,
p74_1,str,592,78.87,2,0,0,NO,241,Indica si tiene televisión por cable o satélite en su hogar.,Categórica,592,2,False,
p74_2,object,484,82.73,60,89,0,900,242,"Dinero pagado el último mes por el abono básico de cable, sin canales premium ni on-demand.",Texto/categórica,484,60,False,
p74_3,str,1714,38.83,5,74,0,NS/NC,243,"Tipo de servicios incluidos en la cuenta de Internet: solo Internet, teléfono, cable o ambos.",Categórica,1714,5,False,
p74_4,object,1714,38.83,120,379,0,NS/NC,244,"Dinero pagado el último mes por el abono básico de Internet, incluyendo cable y/o teléfono si están en la misma factura.",Texto/categórica,1714,120,False,
p74_4_bis,object,2800,0.07,120,379,0,NS/NC,245,Versión recodificada de p74_4; en los casos sin respuesta aplicable se registra 0.,Texto/categórica,2800,120,False,
p75_1,str,2306,17.7,7,10,0,ALGUNAS VECES AL MES,246,Frecuencia con la que se conecta a Internet a través de una computadora.,Categórica,2306,7,False,
p75_2,str,2306,17.7,7,3,0,TODOS O CASI TODOS LOS DÍAS,247,"Frecuencia con la que se conecta a Internet a través de un celular (incluyendo whatsapp, aplicaciones y redes sociales).",Categórica,2306,7,False,
p75_3,str,2306,17.7,7,8,0,NUNCA,248,Frecuencia con la que se conecta a Internet a través de una tablet (incluyendo aplicaciones y redes sociales).,Categórica,2306,7,False,
p75_4,str,2306,17.7,7,11,0,ALGUNOS DIAS POR SEMANA,249,Frecuencia con la que se conecta a Internet a través de un televisor (incluyendo netflix u otras aplicaciones).,Categórica,2306,7,False,
p76horas,float64,2306,17.7,24,0,0,8.0,250,Cantidad de horas por día que acostumbra a usar Internet.,Numérica,2306,24,False,
p76minutos,object,2305,17.74,15,0,1946,NO USA,251,Cantidad de minutos por día que acostumbra a usar Internet.,Categórica,2305,15,False,
horas_internet,float64,2800,0.07,24,0,0,8.0,252,Tiempo diario de uso de Internet expresado en horas.,Numérica,2800,24,False,
minutos_internet,object,2800,0.07,15,0,2441,NO USA,253,Tiempo diario de uso de Internet expresado en minutos.,Categórica,2800,15,False,
p77_1,str,2258,19.41,7,5,0,TODOS O CASI TODOS LOS DÍAS,254,Frecuencia con la que chequear mails en Internet.,Categórica,2258,7,False,
p77_2,str,2258,19.41,7,5,0,TODOS O CASI TODOS LOS DÍAS,255,Frecuencia con la que leer blogs o portales de noticias en Internet.,Categórica,2258,7,False,
p77_3,str,2258,19.41,7,1,0,ALGUNAS VECES AL MES,256,Frecuencia con la que estudiar o hacer trabajos para la escuela/universidad en Internet.,Categórica,2258,7,False,
p77_4,str,2258,19.41,7,3,0,ALGUNAS VECES AL MES,257,"Frecuencia con la que comprar bienes y/o contratar servicios, realizar operaciones bancarias y/o impositivas en Internet.",Categórica,2258,7,False,
p77_5,str,2258,19.41,7,1,0,ALGUNAS VECES AL MES,258,Frecuencia con la que ver videos de youtubers en Internet.,Categórica,2258,7,False,
p77_6,str,2258,19.41,7,4,0,NUNCA,259,Frecuencia con la que buscar críticas o comentarios de películas en Internet.,Categórica,2258,7,False,
p77_7,str,2258,19.41,7,5,0,NUNCA,260,Frecuencia con la que buscar críticas o comentarios de libros en Internet.,Categórica,2258,7,False,
p77_8,str,2258,19.41,7,2,0,NUNCA,261,Frecuencia con la que buscar actividades culturales para ir a ver o escuchar en Internet.,Categórica,2258,7,False,
p77_9,str,2258,19.41,7,3,0,NUNCA,262,"Frecuencia con la que ver tutoriales sobre música, teatro o libros en Internet.",Categórica,2258,7,False,
p77_10,str,2258,19.41,7,10,0,ALGUNAS VECES AL MES,263,Frecuencia con la que realizar trámites personales en Internet.,Categórica,2258,7,False,
p78_1,str,2258,19.41,2,0,0,SI,264,Indica si tiene cuenta en Facebook.,Categórica,2258,2,False,
p78_2,str,2258,19.41,2,0,0,SI,265,Indica si tiene cuenta en Instagram.,Categórica,2258,2,False,
p78_3,str,2258,19.41,2,0,0,SI,266,Indica si tiene cuenta en Twitter.,Categórica,2258,2,False,
p78_4,str,2258,19.41,2,0,0,NO,267,Indica si tiene cuenta en Snapchat.,Categórica,2258,2,False,
p78_5,str,2258,19.41,2,0,0,NO,268,Indica si tiene cuenta en LinkedIn.,Categórica,2258,2,False,
p78_1_1,str,1940,30.76,7,7,0,TODOS O CASI TODOS LOS DÍAS,269,Frecuencia con la que acostumbra a utilizar Facebook.,Categórica,1940,7,False,
p78_1_2,str,869,68.99,7,3,0,TODOS O CASI TODOS LOS DÍAS,270,Frecuencia con la que acostumbra a utilizar Instagram.,Categórica,869,7,False,
p78_1_3,str,456,83.73,7,3,0,TODOS O CASI TODOS LOS DÍAS,271,Frecuencia con la que acostumbra a utilizar Twitter.,Categórica,456,7,False,
p78_1_4,str,235,91.61,7,3,0,TODOS O CASI TODOS LOS DÍAS,272,Frecuencia con la que acostumbra a utilizar Snapchat.,Categórica,235,7,False,
p78_1_5,str,68,97.57,7,2,0,ALGUNAS VECES AL MES,273,Frecuencia con la que acostumbra a utilizar LinkedIn.,Categórica,68,7,False,
p78_2b,str,2258,19.41,2,0,0,NO,274,Indica si utiliza alguna otra red social además de las consideradas en p78.,Categórica,2258,2,False,
p78_3b_1,str,185,93.4,7,0,0,WHATSAPP,275,"Primera red social adicional declarada en la pregunta 78.3, en su categoría estandarizada.",Categórica,185,7,False,
p78_3b,str,6,99.79,6,0,0,POR MERCADO LIBRE,276,Respuesta abierta con el nombre de otra red social declarada en la pregunta 78.3.,Texto,2800,7,True,
p79_1,str,1966,29.84,7,5,0,NUNCA,277,"Frecuencia con la que escribe opiniones o comentarios sobre películas, series o libros que ha visto o leído a través de las redes sociales.",Categórica,1966,7,False,
p79_2,str,1966,29.84,7,4,0,ALGUNA VEZ AL AÑO O MENOS,278,Frecuencia con la que comparte canciones o videos musicales a través de las redes sociales.,Categórica,1966,7,False,
p79_3,str,1966,29.84,7,7,0,ALGUNA VEZ AL AÑO O MENOS,279,Frecuencia con la que sigue cuentas de sus artistas preferidos a través de las redes sociales.,Categórica,1966,7,False,
p79_4,str,1966,29.84,7,2,0,NUNCA,280,Frecuencia con la que graba y/o edita sus propios videos para compartir a través de las redes sociales.,Categórica,1966,7,False,
p79_5,str,1966,29.84,7,9,0,NUNCA,281,"Frecuencia con la que transmite en vivo shows, eventos o espectáculos a través de las redes sociales.",Categórica,1966,7,False,
p79_6,str,1966,29.84,7,1,0,ALGUNAS VECES AL MES,282,Frecuencia con la que comparte fotos o novedades de su vida a través de las redes sociales.,Categórica,1966,7,False,
p79_7,str,1966,29.84,7,14,0,ALGUNAS VECES AL MES,283,"Frecuencia con la que sigue alguna cuenta de un organismo público cultural, como ministerios, museos, teatros o bibliotecas a través de las redes sociales.",Categórica,1966,7,False,
p80horas,float64,1966,29.84,22,0,0,4.0,284,Cantidad de horas por día que dedica a utilizar redes sociales.,Numérica,1966,22,False,
p80minutos,float64,1966,29.84,13,0,0,0.0,285,Cantidad de minutos por día que dedica a utilizar redes sociales.,Numérica/categórica codificada,1966,13,False,
horas_redes,float64,2800,0.07,22,0,0,4.0,286,Tiempo diario de uso de redes sociales expresado en horas.,Numérica,2800,22,False,
minutos_redes,float64,2800,0.07,13,0,0,0.0,287,Tiempo diario de uso de redes sociales expresado en minutos.,Numérica/categórica codificada,2800,13,False,
p81,str,2258,19.41,4,115,0,"COMENTA, COMPARTE, PARTICIPA",288,"Forma principal de actuar frente a los contenidos de Internet: observar, comentar/compartir/participar u publicar/editar/crear/construir/reciclar.",Categórica,2258,4,False,
p81_1a,str,154,94.5,5,0,0,NOTICIAS Y OPINION,289,"1ª respuesta seleccionada en la pregunta 81.1 sobre el tipo de contenido que publica, edita, crea, construye y/o recicla.",Categórica,154,5,False,
p81_1b,str,144,94.86,8,0,0,VIDEO,290,"2ª respuesta seleccionada en la pregunta 81.1 sobre el tipo de contenido que publica, edita, crea, construye y/o recicla.",Categórica,144,8,False,
p81_1c,str,112,96.0,11,0,0,NOTICIAS Y OPINION,291,"3ª respuesta seleccionada en la pregunta 81.1 sobre el tipo de contenido que publica, edita, crea, construye y/o recicla.",Categórica,112,11,False,
p81_1d,str,78,97.22,13,0,0,APLICACIONES,292,"4ª respuesta seleccionada en la pregunta 81.1 sobre el tipo de contenido que publica, edita, crea, construye y/o recicla.",Categórica,78,13,False,
p81_1e,str,46,98.36,12,0,0,ANIMACIONES,293,"5ª respuesta seleccionada en la pregunta 81.1 sobre el tipo de contenido que publica, edita, crea, construye y/o recicla.",Categórica,46,12,False,
p81_1f,str,34,98.79,8,0,0,PAGINAS WEB,294,"6ª respuesta seleccionada en la pregunta 81.1 sobre el tipo de contenido que publica, edita, crea, construye y/o recicla.",Categórica,34,8,False,
p81_1g,str,18,99.36,7,0,0, ,295,"7ª respuesta seleccionada en la pregunta 81.1 sobre el tipo de contenido que publica, edita, crea, construye y/o recicla.",Categórica,17,6,True,
p81_1h,str,7,99.75,4,0,0,NOTICIAS Y OPINION,296,"8ª respuesta seleccionada en la pregunta 81.1 sobre el tipo de contenido que publica, edita, crea, construye y/o recicla.",Categórica,7,4,False,
p81_1i,str,5,99.82,4,0,0,GRABACIONES DE AUDIO,297,"9ª respuesta seleccionada en la pregunta 81.1 sobre el tipo de contenido que publica, edita, crea, construye y/o recicla.",Categórica,5,4,False,
p81_1j,str,5,99.82,5,0,0,APLICACIONES,298,"10ª respuesta seleccionada en la pregunta 81.1 sobre el tipo de contenido que publica, edita, crea, construye y/o recicla.",Categórica,5,5,False,
p81_1k,str,4,99.86,2,0,0,SOFTWARE,299,"11ª respuesta seleccionada en la pregunta 81.1 sobre el tipo de contenido que publica, edita, crea, construye y/o recicla.",Categórica,4,2,False,
p81_1l,str,1,99.96,1,0,0,GRABACIONES DE AUDIO,300,"12ª respuesta seleccionada en la pregunta 81.1 sobre el tipo de contenido que publica, edita, crea, construye y/o recicla.",Categórica,1,1,False,"PROPUESTA (confirmar): descartar, un solo valor"
p82,object,2800,0.07,8,0,0,1,301,"Cantidad de computadoras, portátiles o de escritorio que posee el hogar.",Categórica,2800,8,False,
p83,object,2800,0.07,6,0,0,1,302,Cantidad de tablets que posee el hogar.,Categórica,2800,6,False,
p84,str,2800,0.07,2,0,0,SI,303,"Indica si el hogar dispone de teléfono con línea fija, no celular.",Categórica,2800,2,False,
p85,object,2800,0.07,9,0,0,1,304,Cantidad de celulares con línea activada que posee la persona entrevistada.,Categórica,2800,9,False,
p85_1,str,2536,9.49,2,0,0,SI,305,Indica si tiene conexión a Internet en alguno de sus celulares.,Categórica,2536,2,False,
p85_2,str,2240,20.06,2,0,0,SI,306,Indica si la conexión a Internet de su celular es 4G.,Categórica,2240,2,False,
p85_3,object,2536,9.49,133,413,0,400,307,Dinero pagado por la cuenta de celular durante el último mes; también identifica si lo paga el empleador o si es NS/NC según la codificación.,Texto/categórica,2536,133,False,
p85_3_bis,object,2800,0.07,133,413,0,400,308,Versión recodificada de p85_3 para representar los casos no aplicables como 0.,Texto/categórica,2800,133,False,
p86,object,2800,0.07,62,332,0,0,309,"Dinero gastado aproximadamente durante los últimos tres meses en el hogar en reproductores de audio, televisores, reproductores DVD/Blu-ray, videograbadoras, PCs, laptops, tablets, lectores de libros electrónicos y consolas de videojuegos, sin celulares.",Texto/categórica,2800,62,False,
p87,str,2800,0.07,2,0,0,SI,310,Indica si jugó videojuegos durante el último año.,Categórica,2800,2,False,
p88,str,650,76.8,6,14,0,ALGUNOS DIAS POR SEMANA,311,Frecuencia con la que jugó videojuegos durante el último año.,Categórica,650,6,False,
p89horas,float64,650,76.8,12,0,0,1.0,312,Cantidad de horas que juega videojuegos en los días en que juega.,Numérica/categórica codificada,650,12,False,
p89minutos,float64,650,76.8,10,0,0,0.0,313,Cantidad de minutos que juega videojuegos en los días en que juega.,Numérica/categórica codificada,650,10,False,
horas_videojuegos,float64,2800,0.07,12,0,0,1.0,314,Tiempo dedicado a videojuegos expresado en horas.,Numérica/categórica codificada,2800,12,False,
minutos_videojuegos,float64,2800,0.07,10,0,0,0.0,315,Tiempo dedicado a videojuegos expresado en minutos.,Numérica/categórica codificada,2800,10,False,
p90_1,str,650,76.8,6,0,0,NUNCA,316,Frecuencia con la que juega videojuegos en una computadora.,Categórica,650,6,False,
p90_2,str,650,76.8,7,2,0,TODOS O CASI TODOS LOS DIAS,317,Frecuencia con la que juega videojuegos en un celular.,Categórica,650,7,False,
p90_3,str,650,76.8,7,3,0,NUNCA,318,Frecuencia con la que juega videojuegos en una tablet.,Categórica,650,7,False,
p90_4,str,650,76.8,7,1,0,NUNCA,319,"Frecuencia con la que juega videojuegos en una consola (play, xbox, wii, etc.).",Categórica,650,7,False,
p91,object,650,76.8,25,87,0,0,320,Dinero gastado durante los últimos tres meses en la compra o descarga de videojuegos.,Categórica,650,25,False,
p91_bis,object,2800,0.07,25,87,0,0,321,Versión recodificada de p91; en los casos sin respuesta aplicable se registra 0.,Categórica,2800,25,False,
p92_1,str,2800,0.07,2,0,0,NO,322,"Indica si concurre, participa o realiza alguna actividad en un club o sociedad de fomento.",Categórica,2800,2,False,
p92_2,str,2800,0.07,2,0,0,NO,323,"Indica si concurre, participa o realiza alguna actividad en un centro de jubilados.",Categórica,2800,2,False,
p92_3,str,2800,0.07,2,0,0,NO,324,"Indica si concurre, participa o realiza alguna actividad en un espacio, centro o grupo religioso.",Categórica,2800,2,False,
p92_4,str,2800,0.07,2,0,0,NO,325,"Indica si concurre, participa o realiza alguna actividad en una biblioteca popular o comunitaria.",Categórica,2800,2,False,
p92_5,str,2800,0.07,2,0,0,NO,326,"Indica si concurre, participa o realiza alguna actividad en un espacio, organización o local político.",Categórica,2800,2,False,
p92_6,str,2800,0.07,2,0,0,NO,327,"Indica si concurre, participa o realiza alguna actividad en una colectividad extranjera.",Categórica,2800,2,False,
p92_7,str,2800,0.07,2,0,0,NO,328,"Indica si concurre, participa o realiza alguna actividad en una comunidad indígena.",Categórica,2800,2,False,
p92_8,str,2800,0.07,2,0,0,NO,329,"Indica si concurre, participa o realiza alguna actividad en un centro, cooperativa u organización cultural o barrial.",Categórica,2800,2,False,
p92_9,str,2800,0.07,2,0,0,NO,330,"Indica si concurre, participa o realiza alguna actividad en algún otro tipo de organización social o no gubernamental.",Categórica,2800,2,False,
p93_1,str,710,74.66,2,0,0,SI,331,"Indica si, en alguno de los espacios comunitarios en los que participa, es dirigente, organizador o gestor de actividades.",Categórica,710,2,False,
p93_2,str,621,77.84,2,0,0,SI,332,"Indica si, en alguno de los espacios comunitarios en los que participa, es voluntario o colaborador eventual.",Categórica,621,2,False,
p93_3,str,710,74.66,2,0,0,NO,333,"Indica si, en alguno de los espacios comunitarios en los que participa, es profesor, coordinador o animador grupal.",Categórica,710,2,False,
p93_4,str,710,74.66,2,0,0,NO,334,"Indica si, en alguno de los espacios comunitarios en los que participa, solo concurre o participa de alguna actividad puntual.",Categórica,710,2,False,
p94_1,str,710,74.66,2,0,0,NO,335,"Indica si, en ese espacio comunitario, es parte de un coro, orquesta o grupo de música como aficionado.",Categórica,710,2,False,
p94_2,str,710,74.66,2,0,0,NO,336,"Indica si, en ese espacio comunitario, forma parte de una murga.",Categórica,710,2,False,
p94_3,str,710,74.66,2,0,0,NO,337,"Indica si, en ese espacio comunitario, es parte de un grupo de danza o teatro como aficionado.",Categórica,710,2,False,
p94_4,str,710,74.66,2,0,0,NO,338,"Indica si, en ese espacio comunitario, es parte de un grupo de circo o arte callejero como aficionado.",Categórica,710,2,False,
p94_5,str,710,74.66,2,0,0,NO,339,"Indica si, en ese espacio comunitario, concurre regularmente a un taller o curso artístico.",Categórica,710,2,False,
p94_6,str,710,74.66,2,0,0,NO,340,"Indica si, en ese espacio comunitario, es parte de un programa de radio, revista o periódico barrial o comunitario como aficionado.",Categórica,710,2,False,
p95,str,2800,0.07,2,0,0,SI,341,"Indica si durante el último año bailó en fiestas, bailantas, bares o boliches.",Categórica,2800,2,False,
p96_1,str,2800,0.07,2,0,0,NO,342,Indica si durante el último año tomó clases o asistió a talleres o cursos de baile o canto.,Categórica,2800,2,False,
p96_2,str,2800,0.07,2,0,0,NO,343,"Indica si durante el último año tomó clases o asistió a talleres o cursos de circo, teatro o actuación.",Categórica,2800,2,False,
p96_3,str,2800,0.07,2,0,0,NO,344,"Indica si durante el último año tomó clases o asistió a talleres o cursos de pintura, escultura, dibujo u otras artes plásticas.",Categórica,2800,2,False,
p96_4,str,2800,0.07,2,0,0,NO,345,Indica si durante el último año tomó clases o asistió a talleres o cursos de literatura u otras prácticas de escritura.,Categórica,2800,2,False,
p96_5,str,2800,0.07,2,0,0,NO,346,"Indica si durante el último año tomó clases o asistió a talleres o cursos de cine, video, animación u otra forma de arte audiovisual.",Categórica,2800,2,False,
p97,object,338,87.94,49,48,0,700,347,Dinero gastado durante el último año en cursos de formación artística.,Texto/categórica,338,49,False,
p97_bis,object,2800,0.07,49,48,0,0,348,Versión recodificada de p97; en los casos sin respuesta aplicable se registra 0.,Texto/categórica,2800,49,False,
p98,str,2800,0.07,2,0,0,SI,349,Indica si concurrió a algún museo durante el último año.,Categórica,2800,2,False,
p99,object,429,84.69,16,28,0,1,350,Cantidad de veces que concurrió a museos durante el último año.,Categórica,429,16,False,
p99_bis,object,2800,0.07,17,28,0,1,351,Versión recodificada de p99; en los casos sin respuesta aplicable se registra 0.,Categórica,2800,17,False,
p100_1,str,429,84.69,4,4,0,UNA VEZ AL AÑO,352,Frecuencia con la que concurrió a museos de tipo históricos.,Categórica,429,4,False,
p100_2,str,429,84.69,4,4,0,NUNCA,353,Frecuencia con la que concurrió a museos de tipo de ciencias naturales.,Categórica,429,4,False,
p100_3,str,429,84.69,4,7,0,NUNCA,354,Frecuencia con la que concurrió a museos de tipo de ciencia y tecnología.,Categórica,429,4,False,
p100_4,str,429,84.69,4,10,0,NUNCA,355,Frecuencia con la que concurrió a museos de tipo de artes.,Categórica,429,4,False,
p100_5,str,429,84.69,4,10,0,NUNCA,356,Frecuencia con la que concurrió a museos de tipo de antropología/arqueología.,Categórica,429,4,False,
p100_6,str,429,84.69,4,4,0,NUNCA,357,"Frecuencia con la que concurrió a museos de tipo temáticos (por ejemplo, museo del vino o del juguete).",Categórica,429,4,False,
p101,str,429,84.69,3,1,0,FUE GRATUITO,358,Indica si en la última visita a un museo tuvo que pagar entrada o fue gratuito.,Categórica,429,3,False,
p102,object,429,84.69,36,51,0,0,359,Dinero gastado aproximadamente durante el último año en museos.,Texto/categórica,429,36,False,
p102_bis,object,2800,0.07,36,51,0,0,360,Versión recodificada de p102; en los casos sin respuesta aplicable se registra 0.,Texto/categórica,2800,36,False,
p103_1,str,2800,0.07,5,0,0,HACE MAS DE 5 AÑOS,361,Cuándo fue la última vez que visitó o concurrió a circo.,Categórica,2800,5,False,
p103_1_1,object,182,93.5,22,35,0,1000,362,Dinero gastado durante el último año en circo.,Categórica,182,22,False,
p103_2,str,2800,0.07,5,0,0,NO FUE NUNCA,363,Cuándo fue la última vez que visitó o concurrió a fiestas gastronómicas.,Categórica,2800,5,False,
p103_1_2,object,412,85.3,33,64,0,1000,364,Dinero gastado durante el último año en fiestas gastronómicas.,Texto/categórica,412,33,False,
p103_3,str,2800,0.07,5,0,0,HACE MAS DE 5 AÑOS,365,Cuándo fue la última vez que visitó o concurrió a carnavales.,Categórica,2800,5,False,
p103_1_3,object,531,81.05,27,96,0,400,366,Dinero gastado durante el último año en carnavales.,Categórica,531,27,False,
p103_4,str,2800,0.07,5,0,0,VARIAS VECES EN EL ULTIMO AÑ,367,Cuándo fue la última vez que visitó o concurrió a peñas musicales.,Categórica,2800,5,False,
p103_1_4,object,343,87.76,30,62,0,300,368,Dinero gastado durante el último año en peñas musicales.,Categórica,343,30,False,
p103_5,str,2800,0.07,5,0,0,NO FUE NUNCA,369,Cuándo fue la última vez que visitó o concurrió a fiestas religiosas.,Categórica,2800,5,False,
p103_1_5,object,349,87.54,18,75,0,0,370,Dinero gastado durante el último año en fiestas religiosas.,Categórica,349,18,False,
p103_6,str,2800,0.07,5,0,0,ENTRE 1 Y 5 AÑOS,371,Cuándo fue la última vez que visitó o concurrió a fiestas populares y/o regionales.,Categórica,2800,5,False,
p103_1_6,object,451,83.9,27,87,0,200,372,Dinero gastado durante el último año en fiestas populares y/o regionales.,Categórica,451,27,False,
p103_7,str,2800,0.07,5,0,0,NO FUE NUNCA,373,Cuándo fue la última vez que visitó o concurrió a kermés.,Categórica,2800,5,False,
p103_1_7,object,43,98.47,12,7,0,0,374,Dinero gastado durante el último año en kermés.,Categórica,43,12,False,
p103_8,str,2800,0.07,5,0,0,NO FUE NUNCA,375,Cuándo fue la última vez que visitó o concurrió a monumentos.,Categórica,2800,5,False,
p103_1_8,object,138,95.07,17,31,0,0,376,Dinero gastado durante el último año en monumentos.,Categórica,138,17,False,
p103_9,str,2800,0.07,5,0,0,NO FUE NUNCA,377,Cuándo fue la última vez que visitó o concurrió a ruinas/yacimientos arqueológicos.,Categórica,2800,5,False,
p103_1_9,object,66,97.64,18,18,0,100,378,Dinero gastado durante el último año en ruinas/yacimientos arqueológicos.,Categórica,66,18,False,
p103_10,str,2800,0.07,5,0,0,1 VEZ EN EL ULTIMO AÑO,379,Cuándo fue la última vez que visitó o concurrió a parques nacionales.,Categórica,2800,5,False,
p103_110,object,406,85.51,34,62,0,50,380,Dinero gastado durante el último año en parques nacionales.,Texto/categórica,406,34,False,
p103_11,str,2800,0.07,5,0,0,NO FUE NUNCA,381,Cuándo fue la última vez que visitó o concurrió a muestras de pintura/dibujo.,Categórica,2800,5,False,
p103_111,object,150,94.65,11,42,0,0,382,Dinero gastado durante el último año en muestras de pintura/dibujo.,Categórica,150,11,False,
p103_12,str,2800,0.07,5,0,0,NO FUE NUNCA,383,Cuándo fue la última vez que visitó o concurrió a muestras de escultura.,Categórica,2800,5,False,
p103_112,object,96,96.57,10,26,0,NS/NC,384,Dinero gastado durante el último año en muestras de escultura.,Categórica,96,10,False,
p103_13,str,2800,0.07,5,0,0,NO FUE NUNCA,385,Cuándo fue la última vez que visitó o concurrió a muestras de fotografía.,Categórica,2800,5,False,
p103_113,object,93,96.68,12,15,0,0,386,Dinero gastado durante el último año en muestras de fotografía.,Categórica,93,12,False,
p103_14,str,2800,0.07,5,0,0,NO FUE NUNCA,387,Cuándo fue la última vez que visitó o concurrió a archivos históricos.,Categórica,2800,5,False,
p103_114,object,99,96.47,13,22,0,NS/NC,388,Dinero gastado durante el último año en archivos históricos.,Categórica,99,13,False,
p103_15,str,2800,0.07,5,0,0,NO FUE NUNCA,389,Cuándo fue la última vez que visitó o concurrió a presentaciones de danza.,Categórica,2800,5,False,
p103_115,object,219,92.18,24,41,0,0,390,Dinero gastado durante el último año en presentaciones de danza.,Categórica,219,24,False,
p103_16,str,2800,0.07,5,0,0,NO FUE NUNCA,391,Cuándo fue la última vez que visitó o concurrió a ópera.,Categórica,2800,5,False,
p103_116,object,20,99.29,6,8,0,0,392,Dinero gastado durante el último año en ópera.,Categórica,20,6,False,
p103_17,str,2800,0.07,5,0,0,NO FUE NUNCA,393,Cuándo fue la última vez que visitó o concurrió a concierto de música clásica.,Categórica,2800,5,False,
p103_117,object,50,98.22,12,17,0,200,394,Dinero gastado durante el último año en concierto de música clásica.,Categórica,50,12,False,
p103_18,str,2800,0.07,5,0,0,NO FUE NUNCA,395,Cuándo fue la última vez que visitó o concurrió a ferias y exposiciones artesanales.,Categórica,2800,5,False,
p103_118,object,714,74.52,29,110,0,0,396,Dinero gastado durante el último año en ferias y exposiciones artesanales.,Categórica,714,29,False,
p103_19,str,2800,0.07,5,0,0,NO FUE NUNCA,397,Cuándo fue la última vez que visitó o concurrió a centros culturales.,Categórica,2800,5,False,
p103_119,object,300,89.29,19,65,0,0,398,Dinero gastado durante el último año en centros culturales.,Categórica,300,19,False,
p103_20,str,2800,0.07,5,0,0,NO FUE NUNCA,399,Cuándo fue la última vez que visitó o concurrió a ferias del libro.,Categórica,2800,5,False,
p103_120,object,321,88.54,28,70,0,2000,400,Dinero gastado durante el último año en ferias del libro.,Categórica,321,28,False,
p104,float64,2800,0.07,16,0,0,6.0,401,"Cantidad total de personas que viven en el hogar, incluyendo a la persona entrevistada.",Numérica/categórica codificada,2800,16,False,
p104_1,float64,2552,8.92,9,0,0,3.0,402,Cantidad de personas del hogar que tienen menos de 15 años.,Numérica/categórica codificada,2552,9,False,
p104_2,float64,2552,8.92,6,0,0,0.0,403,Cantidad de personas del hogar que tienen más de 65 años.,Numérica/categórica codificada,2552,6,False,
p105,float64,2797,0.18,10,0,0,3.0,404,Cantidad de habitaciones o piezas para dormir que tiene el hogar.,Numérica/categórica codificada,2797,10,False,
p106,str,2800,0.07,10,0,0,SECUNDARIA INCOMPLETA,405,Máximo nivel de estudios alcanzado por la persona entrevistada.,Categórica,2800,10,False,
p107,str,2800,0.07,2,0,0,OTRO MIEMBRO DEL HOGAR,406,Indica si la persona entrevistada es la principal aportante para los gastos del hogar o si lo es otro miembro del hogar.,Categórica,2800,2,False,
p108,str,1378,50.82,10,0,0,SECUNDARIA COMPLETA,407,Máximo nivel de estudios alcanzado por el principal sostén económico del hogar (PSH).,Categórica,1378,10,False,
p109,str,2800,0.07,5,0,0,TRABAJA,408,"Situación del principal sostén económico del hogar: trabaja, jubilado/pensionado, desocupado u otra situación indicada.",Categórica,2800,5,False,
p110,str,2140,23.63,1627,0,0,EMPLEADO,409,Ocupación del principal sostén económico del hogar registrada textualmente.,Texto,2800,1628,True,
p110b,str,2172,22.48,6,0,0,TRABAJADOR/OBRERO CALIFICADO,410,Categoría codificada de la ocupación del principal sostén económico del hogar.,Categórica,2172,6,False,
p111,str,562,79.94,427,0,0,CHOFER,411,"Última ocupación del principal sostén económico del hogar cuando está jubilado/pensionado o desocupado, registrada textualmente.",Texto,2798,428,True,
p111b,str,583,79.19,6,0,0,TRABAJADOR/OBRERO CALIFICADO,412,Categoría codificada de la última ocupación del principal sostén económico del hogar.,Categórica,583,6,False,
p112,str,2798,0.14,2,0,0,SI,413,"Indica si el principal sostén económico del hogar tiene cobertura médica por obra social, mutual o medicina prepaga.",Categórica,2798,2,False,
p113_1,str,2798,0.14,2,0,0,SI,414,Indica si el hogar tiene internet.,Categórica,2798,2,False,
p113_2,str,2798,0.14,2,0,0,SI,415,Indica si el hogar tiene automóvil (solo uno).,Categórica,2798,2,False,
p113_3,str,2798,0.14,2,0,0,NO,416,Indica si el hogar tiene automóvil (más de uno).,Categórica,2798,2,False,
p113_4,str,2798,0.14,2,0,0,SI,417,Indica si el hogar tiene tarjeta de crédito.,Categórica,2798,2,False,
p113_5,str,2798,0.14,2,0,0,SI,418,Indica si el hogar tiene teléfono celular.,Categórica,2798,2,False,
p114,str,2798,0.14,5,0,0,PROPIA,419,"Situación de tenencia de la vivienda: propia, alquilada, prestada, ocupada u otra.",Categórica,2798,5,False,
p115_1,str,2798,0.14,2,0,0,NO,420,"Indica si algún miembro del hogar tiene dificultad o limitación permanente para ver, aun con anteojos o lentes puestos.",Categórica,2798,2,False,
p115_2,str,2798,0.14,2,0,0,NO,421,"Indica si algún miembro del hogar tiene dificultad o limitación permanente para oír, aun cuando usa audífono.",Categórica,2798,2,False,
p115_3,str,2798,0.14,2,0,0,NO,422,Indica si algún miembro del hogar tiene dificultad o limitación permanente para caminar o subir escaleras.,Categórica,2798,2,False,
p115_4,str,2798,0.14,2,0,0,NO,423,Indica si algún miembro del hogar tiene dificultad o limitación permanente para agarrar objetos y/o abrir recipientes con las manos.,Categórica,2798,2,False,
p115_5,str,2798,0.14,2,0,0,NO,424,Indica si algún miembro del hogar tiene dificultad o limitación permanente para entender y/o aprender.,Categórica,2798,2,False,
p116,str,2798,0.14,6,0,0,BARRIO DE VIVIENDA SOCIAL,425,"Tipo de entorno o barrio donde está ubicada la vivienda, registrado por observación.",Categórica,2798,6,False,
p116b,str,2798,0.14,6,0,0,BARRIO DE VIVIENDA SOCIAL,426,Versión estandarizada/codificada del entorno o barrio observado en p116.,Categórica,2798,6,False,
p117,str,2798,0.14,7,0,0,CASA,427,"Tipo de vivienda, registrado por observación.",Categórica,2798,7,False,
NSEpuntaje,float64,2798,0.14,56,0,0,66.0,428,Puntaje calculado del nivel socioeconómico del hogar.,Numérica,2798,56,False,
NSEcat1,str,2798,0.14,7,0,0,C3,429,Categoría de nivel socioeconómico asignada al hogar.,Categórica,2798,7,False,
minutos_radio_1,float64,2798,0.14,17,0,0,60.0,430,Conversión del tiempo declarado de radio a minutos.,Numérica/categórica codificada,2798,17,False,
minutos_radio_total,float64,2798,0.14,64,0,0,60.0,431,Tiempo total diario estimado de radio expresado en minutos.,Numérica,2798,64,False,
horas_radio_total,object,2798,0.14,63,0,0,1,432,Tiempo total diario estimado de radio expresado en horas.,Numérica,2798,64,True,
minutos_musica_1,float64,2798,0.14,19,0,0,60.0,433,Conversión del tiempo declarado de música a minutos.,Numérica/categórica codificada,2798,19,False,
minutos_musica_total,float64,2798,0.14,71,0,0,90.0,434,Tiempo total diario estimado de música expresado en minutos.,Numérica,2798,71,False,
horas_musica_total,object,2798,0.14,69,0,0,2026-05-01 00:00:00,435,Tiempo total diario estimado de música expresado en horas.,Numérica,2798,71,True,
minutos_diario_1,float64,2798,0.14,10,0,0,60.0,436,Conversión del tiempo declarado de diario a minutos.,Numérica/categórica codificada,2798,10,False,
minutos_diario_total,float64,2798,0.14,39,0,0,60.0,437,Tiempo total diario estimado de diario expresado en minutos.,Numérica,2798,39,False,
horas_diario_total,object,2798,0.14,39,0,0,1,438,Tiempo total diario estimado de diario expresado en horas.,Numérica,2798,39,False,
minutos_tv_1,float64,2798,0.14,18,0,0,60.0,439,Conversión del tiempo diario de televisión a minutos.,Numérica/categórica codificada,2798,18,False,
minutos_tv_total,float64,2798,0.14,55,0,0,60.0,440,Tiempo total diario estimado de televisión expresado en minutos.,Numérica,2798,55,False,
horas_tv_total,object,2798,0.14,55,0,0,1,441,Tiempo total diario estimado de televisión expresado en horas.,Numérica,2798,55,False,
minutos_internet_1,float64,2798,0.14,24,0,0,480.0,442,Conversión del tiempo declarado de Internet a minutos.,Numérica,2798,24,False,
minutos_internet_total,float64,2798,0.14,86,0,0,480.0,443,Tiempo total diario estimado de Internet expresado en minutos.,Numérica,2798,86,False,
horas_internet_total,object,2798,0.14,78,0,0,8,444,Tiempo total diario estimado de Internet expresado en horas.,Numérica,2798,86,True,
minutos_redes_1,float64,2798,0.14,22,0,0,240.0,445,Conversión del tiempo declarado de redes sociales a minutos.,Numérica,2798,22,False,
minutos_redes_total,float64,2798,0.14,71,0,0,240.0,446,Tiempo total diario estimado de redes sociales expresado en minutos.,Numérica,2798,71,False,
horas_redes_total,object,2798,0.14,70,0,0,4,447,Tiempo total diario estimado de redes sociales expresado en horas.,Numérica,2798,71,True,
minutos_videojuegos_1,float64,2798,0.14,12,0,0,60.0,448,Conversión del tiempo declarado de videojuegos a minutos.,Numérica/categórica codificada,2798,12,False,
minutos_videojuegos_total,float64,2798,0.14,36,0,0,60.0,449,Tiempo total diario estimado de videojuegos expresado en minutos.,Numérica,2798,36,False,
horas_videojuegos_total,object,2798,0.14,36,0,0,1,450,Tiempo total diario estimado de videojuegos expresado en horas.,Numérica,2798,36,False,
